{"train_paths": ["src/training_data/blockdude/solutions/block_00"], "padding": {"pad_width": [[0, 1], [1, 1], [1, 1]], "constant_values": [["t", "T"], ["_", "W"], ["_", "_"]], "axis_order": [2, 1, 0]}, "local_transforms": {}, "global_transforms": {"flip_x": true}, "grid_size": [5, 6, 10], "pattern_size": [2, 3, 3], "elapsed": {"0": 428.3106310367584, "1": 429.5671019554138, "2": 434.9262959957123, "3": 442.4633800983429, "4": 442.58635997772217, "5": 438.2469630241394, "6": 435.15849590301514, "7": 433.19438099861145, "8": 433.6419541835785, "9": 435.23496079444885, "total": 4353.360494852066}, "num_fails": "0/10"}