{"train_paths": ["src/training_data/blockdude/solutions/block_00"], "padding": {"pad_width": [[1, 1], [1, 1], [1, 1]], "constant_values": [["t", "T"], ["_", "W"], ["_", "_"]], "axis_order": [2, 1, 0]}, "local_transforms": {}, "global_transforms": {"flip_x": true}, "grid_size": [10, 6, 10], "pattern_size": [2, 3, 3], "elapsed": {"0": 342.5002679824829, "1": 344.98708605766296, "2": 340.9176468849182, "3": 340.74096488952637, "4": 341.7602219581604, "5": 345.3447759151459, "6": 342.51330280303955, "7": 343.02355003356934, "8": 343.2972528934479, "9": 341.96161103248596, "total": 3427.10343003273}, "num_fails": "10/10"}