{"train_paths": ["src/training_data/blockdude/solutions/block_00"], "padding": {"pad_width": [[0, 1], [1, 1], [1, 1]], "constant_values": [["t", "T"], ["_", "W"], ["_", "_"]], "axis_order": [2, 1, 0]}, "local_transforms": {}, "global_transforms": {"flip_x": true}, "grid_size": [10, 6, 10], "pattern_size": [2, 3, 3], "elapsed": {"0": 1015.9979426860809, "1": 1006.2339861392975, "2": 1002.9276299476624, "3": 1076.0960812568665, "4": 990.4350581169128, "5": 990.8590331077576, "6": 990.8908262252808, "7": 991.3653979301453, "8": 991.3897581100464, "9": 990.1614999771118, "total": 10046.400254964828}, "num_fails": "1/10"}