{"train_paths": ["src/training_data/blockdude/solutions/block_00"], "padding": {"pad_width": [[0, 1], [1, 1], [1, 1]], "constant_values": [["t", "T"], ["_", "W"], ["_", "_"]], "axis_order": [2, 1, 0]}, "local_transforms": {}, "global_transforms": {"flip_x": true}, "grid_size": [20, 6, 20], "pattern_size": [2, 3, 3], "elapsed": {"0": 3638.1497831344604, "1": 3651.2015817165375, "2": 3668.190290212631, "3": 15077.589106082916, "4": 25399.620208978653, "5": 27144.905250787735, "6": 5846.111505270004, "7": 3755.0230419635773, "8": 3698.3012211322784, "9": 3714.6237981319427, "total": 95593.80357909203}, "num_fails": "0/10"}