{"train_paths": ["src/training_data/blockdude/solutions/block_01"], "padding": {"pad_width": [[0, 1], [1, 1], [1, 1]], "constant_values": [["t", "T"], ["_", "W"], ["_", "_"]], "axis_order": [2, 1, 0]}, "local_transforms": {}, "global_transforms": {"flip_x": true}, "grid_size": [20, 6, 20], "pattern_size": [2, 3, 3], "elapsed": {"0": 3088.0148661136627, "1": 3131.922933101654, "2": 3081.01514005661, "3": 3092.4571011066437, "4": 3096.0982897281647, "5": 3067.860451936722, "6": 3169.928802013397, "7": 3137.3968830108643, "8": 3141.1966891288757, "9": 3138.3530321121216, "total": 31144.320968151093}, "num_fails": "2/10"}